Player,From / To,Date,Price
N/A,N/A,N/A,N/A
N/A,N/A,N/A,"

 
"
N/A,N/A,N/A,"

 
"
N/A,N/A,N/A,"

 
"
N/A,N/A,N/A,"

 
"
N/A,N/A,N/A,"

 
"
N/A,N/A,N/A,"

 
"
N/A,N/A,N/A,"

 
"
N/A,N/A,N/A,"

 
"
N/A,N/A,N/A,"

 
"
N/A,N/A,N/A,"

 
"
N/A,N/A,N/A,"

 
"
N/A,N/A,N/A,"

 
"
N/A,N/A,N/A,"

 
"
N/A,N/A,N/A,"

 
"
N/A,N/A,N/A,"

 
"
N/A,N/A,N/A,"

 
"
N/A,N/A,N/A,"

 
"
N/A,N/A,N/A,"

 
"
N/A,N/A,N/A,"

 
"
N/A,N/A,N/A,"

 
"
N/A,N/A,N/A,"

 
"
N/A,N/A,N/A,"

 
"
N/A,N/A,N/A,"

 
"
N/A,N/A,N/A,"

 
"
N/A,N/A,N/A,"

 
"
